feature,importance
oil_rate,0.2903395965431363
bottomhole_pressure,0.24769056887222163
PI,0.23799907088237035
cumulative_production,0.17252741836386337
water_cut,0.04627589344804486
month,0.005167451890363547
decline_rate,0.0
water_cut_trend,0.0
year,0.0
